x,y
-2.756226336196454962e+00,-2.831987284992396603e+00
-2.399639043354834023e+00,-1.247548226887028822e+00
-4.560828150923069479e+00,-3.041743605489854563e+00
-2.897727677466171770e+00,-2.252994073874865943e+00
-3.013440926003430942e+00,-2.682435142058864130e+00
-2.296481620109736888e+00,-1.377766451656841307e+00
-2.947175441951026986e+00,-1.098207034425573658e+00
-2.625992526198363652e+00,-2.687433970306590592e+00
-2.704999372734000929e+00,-2.767106080663199297e+00
-2.297239758954181976e+00,-2.039940728789002122e+00
-3.147889890836208515e+00,-2.544743635523153191e+00
-2.021966929060775797e+00,-2.123623585655041612e+00
-3.342662257730485642e+00,-2.281706840390583579e+00
-2.574152651557320759e+00,-1.707644748508737376e+00
-2.669813910723209283e+00,-1.655343197593693860e+00
-1.286681919303630961e+00,-2.325132013107692686e+00
-3.409794183257230049e+00,-2.651018182598302353e+00
-2.507216461939603569e+00,-1.096822165823286621e+00
-3.091157966123899925e+00,-2.672125181570022434e+00
-3.659584972552991644e+00,-1.479525769740239083e+00
-2.405396663037246086e+00,-1.565476585355844108e+00
-3.532407765830955615e+00,-1.814270941546624272e+00
-2.906651352687417589e+00,-1.825049122616789532e+00
-2.302856977641448033e+00,-1.821123560980254297e+00
-2.456869149542483921e+00,-1.945936744408886865e+00
-2.768704481048012589e+00,-1.494969419329167604e+00
-4.165724655884533334e+00,-2.255736973085840980e+00
-3.376298123434236409e+00,-2.511102278594673720e+00
-3.220113800981347030e+00,-8.040469510124832464e-01
-3.692664892554594402e+00,-1.225377316326815347e+00
-4.346295817292643804e+00,-2.267908023988619792e+00
-2.869797547915995395e+00,-1.531022134912577437e+00
-2.431018736165715843e+00,-1.365322211840059641e+00
-3.278980057798750014e+00,-2.369881434131653641e+00
-2.313619294994277098e+00,-2.153043459905291890e+00
-4.020549058670337850e+00,-2.906629771202784429e+00
-3.735561828801289064e+00,-1.602271404756988815e+00
-2.886059411143548026e+00,-1.447611716745785371e+00
-3.341802117069227585e+00,-1.873168247138628617e+00
-2.499527684826130525e+00,-2.247477231776190632e+00
-2.634579809954070928e+00,-2.529540752853320917e+00
-3.290443077252057424e+00,-2.305390315198663220e+00
-3.956671716471231726e+00,-1.610422015371534510e+00
-3.375521872162178916e+00,-1.990004705017849984e+00
-2.615402672875272838e+00,-1.642775059176044827e+00
-2.467691912821770917e+00,-2.078788387607538812e+00
-3.338638649635322864e+00,-2.063774568725119440e+00
-4.349867547166423876e+00,-3.157689977938470172e+00
-4.058159689883521715e+00,-2.797797462081185405e+00
-2.680180618621250677e+00,-2.724383244288048900e+00
-3.302530043231511669e+00,-9.606173617711475377e-01
-3.285011176849140568e+00,-1.409987545226330852e+00
-3.746894144007901772e+00,-2.164350046294103880e+00
-3.760017643928465159e+00,-2.271226460720449758e+00
-2.327753490034083494e+00,-3.381856338553879127e+00
-2.652461085163314358e+00,-1.809811518134177621e+00
-3.475319964557435526e+00,-3.156846283510764017e+00
-2.942296393828904399e+00,-2.423594167251041931e+00
-2.813859030916237014e+00,-1.982518283581245599e+00
-1.718576886943267601e+00,-2.191484501978419264e+00
-3.818797994097491877e+00,-1.856579492034946988e+00
-2.824002652822587667e+00,-9.126499398076506342e-01
-2.331911003268337002e+00,-1.714503152680392439e+00
-1.829357687024350421e+00,-2.951010443458280896e+00
-3.511801226199798176e+00,-2.741260753124420191e+00
-3.311847842524614283e+00,-3.101348918045046865e+00
-2.491879242548476370e+00,-2.177778157679018722e+00
-4.176645035602126299e+00,-2.812463264966033272e+00
-2.749188922039843774e+00,-1.329498745684495109e+00
-1.402615286646570647e+00,3.310899728058638303e-01
-2.668472453379203024e+00,-2.791630496025491404e+00
-4.705637024585047179e+00,-1.785830830124931268e+00
-3.650352876248260880e+00,-2.332285808143748085e+00
-3.489677439247846458e+00,-2.112632709133108300e+00
-2.147215815369885039e+00,-1.874361146043724391e+00
-3.126907869630950465e+00,-2.828523002260649122e+00
-4.339746355763486108e+00,-2.389046327258664615e+00
-3.043026040654656317e+00,-5.856560691360934712e-01
-2.895780382821691479e+00,-1.213808391181554036e+00
-3.399436478831321828e+00,-2.947955013133619850e+00
-3.772093409785897578e+00,-2.580180851628602667e+00
-1.297224214051868385e+00,-2.657109343379508992e+00
-2.329208637010923955e+00,-2.722341742469621018e+00
-2.254741589700604898e+00,-1.692039227115309519e+00
-3.125310318126472531e+00,-2.032610020908347082e+00
-3.523830156343512598e+00,-1.643142238814335521e+00
-3.363986784272623876e+00,-2.980484611013798357e+00
-4.022350059455695792e+00,-1.861929665822304347e+00
-1.736726994871651941e+00,-1.872006709141249337e+00
-3.094910660887906229e+00,-1.771339088317965604e+00
-1.955198606634540148e+00,-1.824493998908914838e+00
-3.328741784666990000e+00,-1.114969031952088852e+00
-2.656994849230708944e+00,-7.713952064032063571e-01
-2.853412450222474916e+00,-2.979575225376400294e+00
-4.094527359396532340e+00,-6.792576542150001728e-01
-1.621067423373362182e+00,-2.143615370626080541e+00
-3.306549856908790108e+00,-8.308445662062382553e-01
-3.885636545634790551e+00,-2.715781615164661211e+00
-2.485338564248764648e+00,-2.315684098287671855e+00
-3.004097493376057137e+00,-2.130754318819609860e+00
-2.729940360960853241e+00,-8.740145109490264907e-01
-2.927532074478603530e+00,-1.484848965378513519e+00
-4.640137680824818034e+00,-2.038974721544094315e+00
-3.674584216234296985e+00,-2.975050448338902420e+00
-3.702521893543000431e+00,-2.267298752560649611e+00
-2.267277966115189614e+00,-3.061114174191651216e+00
-2.975494805924466135e+00,-2.387335546666862651e+00
-3.262138475489568812e+00,-1.197793739756316533e+00
-2.569507650396859244e+00,-9.300815140458049690e-01
-3.123604543399920441e+00,-2.556754089336562341e+00
-3.179087053504399574e+00,-1.806002566983022639e+00
-2.858741313237031179e+00,-2.867510457786693223e+00
-2.927608174697700516e+00,-1.817417335888875884e+00
-9.860207699728635866e-01,-4.985243109746637646e-01
-3.682594680447055957e+00,-2.229906689239340878e+00
-4.170753601469602501e+00,-2.472565611170788991e+00
2.524840028722724061e-01,3.964682896710586935e+00
-5.832670701948868830e-01,2.476682847945762767e+00
-1.717831223790923900e+00,2.869867263564073845e+00
-8.499315294876504945e-01,2.576448458107140738e+00
-7.014886225340706272e-01,2.924589956597954288e+00
-1.406182713085305069e+00,1.826363803687207410e+00
1.703397689622638600e+00,1.970061934980775087e+00
-8.774284627637117806e-01,4.469530822657051594e+00
2.324053735392325404e+00,2.062746696939726565e+00
-2.945991654304244700e-01,3.273244440752407503e+00
1.382958115524473897e+00,2.210514337257409867e+00
-1.962222767536878076e-01,3.621870060849395223e+00
3.478128595732949413e-01,2.699075143015920553e+00
-1.070583716128329227e-01,1.900083353304014455e+00
-1.905389951797321901e-01,2.786890007992835816e+00
1.857359117010047855e-01,2.555738224944787085e+00
3.772308180361112484e-01,3.810172654255862934e+00
1.243434621347728336e-01,3.281405126719362908e+00
4.252427806229389096e-02,3.000067514473131247e+00
-5.772464268342779592e-01,3.253195409338646371e+00
-7.782927873079158176e-02,4.674534647144476196e+00
1.258683921980193965e+00,3.308677242045200639e+00
-6.104457677558140505e-01,2.110070822413265823e+00
9.529143624710920690e-01,3.210199380117710888e+00
3.841147227132886699e-01,1.604331210420645748e+00
7.419507852465446751e-01,3.363536270571490405e+00
-8.883445475315824291e-01,2.622780154040040834e+00
2.109737634852156818e-01,3.041973438684995035e+00
-2.337369486428440002e-01,2.917209385547231193e+00
-2.015819025655083141e-01,3.122050009681974991e+00
1.177193578394525764e+00,9.466732472549619359e-01
-1.894802116077474174e-01,3.141209937097957372e+00
2.367951917496796121e-01,2.702468334942968120e+00
-1.405377425982866191e+00,3.262396386971287754e+00
1.381880171331347995e+00,1.772910876067089747e+00
6.910624109585506991e-01,2.737179821501684707e+00
-4.905947666307784033e-02,2.157681191436840784e+00
-2.675649378847013149e-01,4.040035675759167333e+00
4.661241935901656586e-01,4.385849284327955289e+00
9.419295111821549549e-01,3.351269343143660873e+00
1.395147620934233723e+00,3.351194526990639133e+00
6.623905414376471956e-01,2.762743237172233357e+00
5.323665268736386263e-02,2.442060941359778248e+00
7.916671476758825321e-01,2.057357101508107355e+00
6.258802739341291499e-01,2.847479153995872370e+00
9.369976747738555378e-01,3.600695190985007788e+00
1.456516926117441324e+00,3.584619752910915835e+00
-1.257632204522592723e+00,2.946437461681439274e+00
-9.376057540758527820e-01,2.585376126106980088e+00
1.208982746621377391e+00,3.510027048718156628e+00
-5.591443428629970791e-01,2.189026106847681064e+00
2.622567430100863559e-02,2.026751880495097691e+00
-5.369122219172649535e-01,3.249607577240995138e+00
9.242496288853569997e-01,3.487009177779551994e+00
-1.833031606878479991e+00,3.243493383224207882e+00
5.762685858606234057e-02,3.331112228298154676e+00
1.292967745320965811e+00,1.349409378556205574e+00
-4.728827401528845065e-01,3.472725058234683804e+00
-1.265275519563153983e+00,4.180759238442806947e+00
2.946852901605267472e-01,3.677267188674723464e+00
-4.567549292174356568e-01,3.651010951972968321e+00
8.547772447912307392e-01,3.186302416109734637e+00
1.875207141589567694e-01,3.216274591425380525e+00
-6.906762117915054011e-01,2.881977055807717569e+00
-1.220180259618870444e-01,3.306715091482796076e+00
7.998593975282357604e-01,2.153171134417272370e+00
-1.000072242556621083e-01,4.185164438127178421e+00
-5.948705830500513603e-01,2.342199986167743830e+00
1.618449534649548660e-01,3.675508152388256011e+00
9.140844448527465568e-03,4.063168472349591553e+00
6.854351860532215124e-01,3.673456053512049735e+00
4.432932010592746663e-01,4.862122480276868330e+00
-1.641293510928353572e-01,1.397182166346788712e+00
1.283403489213712945e+00,2.633840455234539579e+00
8.630435547442644184e-02,4.047640547888422091e+00
-1.281807632847140388e+00,1.998682228715088494e+00
-1.281022349695082996e+00,2.364690967979660829e+00
3.517092848135948691e-01,3.419350274250216870e+00
2.210193434628430209e-01,1.869787292886106789e+00
-1.848082749306115380e+00,3.043482868312305634e+00
-3.774208269106686386e-01,3.367508617373289326e+00
5.615629009770161106e-01,3.110593145646945334e+00
6.081064683006830451e-01,3.183369099292054916e+00
4.240517644811733766e-01,2.436261389704093894e+00
-1.436891310651668419e-01,3.157420877325565645e+00
6.564227803339350853e-01,2.685007062220342355e+00
4.169338045856901265e-01,2.787328966467696567e+00
-9.403373386250429844e-02,3.663615233619258227e+00
-1.594448296843324897e+00,1.962822137540191081e+00
-1.185748317954256725e+00,1.133107104121356068e+00
-5.426115521241413608e-01,3.599547119782192439e+00
-2.279072531060598039e-01,3.158232065553481682e+00
8.713739973686340790e-01,4.062148905814153110e+00
-5.531034778091164367e-02,4.082868711655518013e+00
7.370132674728736843e-02,2.330081420938030057e+00
-4.755202817589881947e-01,1.815570789947986929e+00
-7.105070829869220006e-01,2.713586649540456808e+00
6.428680155028813070e-01,4.376615864932786870e+00
-1.105745212301632030e+00,3.314261974607934924e+00
-8.324351513260275226e-01,3.379757670770561440e+00
-1.048693205501812775e-01,1.535275339321975574e+00
7.426375932547875092e-01,2.515999429753015271e+00
-4.271201906988437158e-01,2.144198070968247993e+00
-5.234266213500443632e-01,3.342312352555933952e+00
-1.513954727491244323e-01,3.262929601825984793e+00
2.895374831430749807e-01,4.056529324422533556e+00
-2.742289206915034527e-01,1.818513746523414465e+00
8.537779332575864411e-01,2.734809462322196350e+00
8.916739556619015517e-01,3.306701690545976291e+00
-1.049100241626759467e-01,3.279020715237035866e+00
1.560810048101039627e+00,4.661584423243002817e+00
5.550490810622296656e-02,3.128152474653660420e+00
8.609921259731084797e-01,2.323471173786122002e+00
2.664562980946040827e-01,2.979309721636914876e+00
2.511265691660428678e-01,2.333304955240475209e+00
-1.271653994647175212e+00,1.341613251206966506e+00
2.106092709608313740e+00,-1.366940227951466413e+00
2.765446730680990672e+00,5.497849299436134984e-01
3.884794695925838592e+00,-1.769672893073301889e+00
3.278166761960765729e+00,-1.325662589080260023e+00
2.772508929567923719e+00,-8.517394804676943210e-01
3.495336893580314630e+00,-1.271406787107212333e+00
3.851081226187486717e+00,-1.913550580913923271e+00
3.005071249889814666e+00,1.078138981276665742e+00
3.178463794100220063e+00,1.465716052849381779e-01
3.073216142538566675e+00,-5.353783237361626757e-01
2.954573444485846689e+00,-1.136326064931363566e+00
2.376414082619664470e+00,-6.557589128339573747e-01
2.318770248651385479e+00,-4.675318109492566654e-01
3.868229603556728069e+00,-7.067748742102160087e-01
2.771001013155446557e+00,-6.368275365530431387e-01
2.753061555562870133e+00,-2.515622996278805701e-01
1.534875132627901095e+00,-1.268485894494916888e+00
1.407350403900801794e+00,-2.196048664181764032e+00
4.091089783851127315e+00,-2.838520144226511777e-01
2.424415813372167605e+00,-2.202002764832717396e+00
6.283769297266790232e-01,-1.434796406346107611e+00
4.936332009797921749e+00,-6.520925828290820014e-01
2.552342171160408402e+00,-6.279358323997550340e-01
1.751233317604445672e+00,-1.237858690158108343e+00
3.079581978412590626e+00,-1.068880521456838872e+00
3.632644897352064639e+00,-7.242838190111580143e-01
3.534660814486397573e+00,-1.550697825784607575e+00
3.718252326728438639e+00,3.031495580991931948e-01
2.223880384278869915e+00,-1.710156524571647907e+00
4.068627469056186108e+00,-1.153075189356048247e+00
4.123057113653246120e+00,-1.354028569513747060e+00
4.164036461016569213e+00,-8.948113465556382096e-01
3.206583058658156293e+00,2.517744173359235393e-01
2.710583618044663190e+00,-1.752897676739966659e+00
2.641148633577316662e+00,-6.381328394854890451e-01
1.747392742255588383e+00,-4.900232778791028254e-01
2.568982945905805337e+00,-8.174987141314915551e-02
1.084591756079622549e+00,-1.629252620083335046e+00
1.650825479012718366e+00,-1.660983573091161958e+00
3.198132720887154612e+00,-1.143381300359803898e+00
2.797297944841588002e+00,-1.127347897104048702e+00
3.162710592495954653e+00,-1.806828833554486202e+00
3.565479712719240801e+00,-4.698672236916128231e-01
3.308030350124880670e+00,-5.547732457989894561e-01
3.237134400646927368e+00,6.280586421848539658e-01
2.930324663157992227e+00,-1.245666574667661397e+00
2.397177935714097430e+00,-1.825810136462269639e+00
2.004422569919139807e+00,-1.711037850584734787e+00
2.943455694678343004e+00,-7.325638972018284623e-01
3.040913646841729268e+00,-1.612428221943770446e+00
3.720147651215970797e+00,-4.084698621592419698e-01
2.872281354062386605e+00,-1.522332915731769543e+00
3.438742336663839438e+00,-8.496211300111163878e-01
1.841498192467961870e+00,-1.054384204787523815e+00
3.209628649659504784e+00,-1.719755829190203089e+00
3.151874714269954580e+00,-2.163857988206231653e+00
4.068948880009736868e+00,-1.640011952454556443e-03
2.797986132557628292e+00,-7.092365297287415160e-01
1.072062427360100045e+00,-1.925078128212266204e+00
2.764976863878296331e+00,-1.857706417141487432e+00
3.571517186104526953e+00,5.978372245983951672e-01
2.058708224456558433e+00,-1.669970723268154211e+00
3.188358694647944080e+00,2.888929187996966963e-01
2.022100549968077310e+00,-8.007711021544463570e-01
4.457039080650487151e+00,-2.321407318543413645e+00
1.975144634523334330e+00,-1.338885285168670558e+00
2.583529269715671095e+00,-3.499189697970842561e-01
3.193327775856670492e+00,-2.419969647713702710e+00
3.412328322320648866e+00,-1.462031109884520452e+00
4.019557773552991264e+00,-1.502070029149535912e+00
2.490707773518211265e+00,-5.670947113563749031e-01
3.610341185869549108e+00,-6.415205088510371745e-01
1.651522146092153420e+00,-5.695724480573991499e-01
2.172553558660480721e+00,-8.117791107293892416e-01
1.861012451680751800e+00,-6.429422819655490340e-01
2.354720876554101672e+00,-2.026107720208417451e+00
3.571056109185919425e+00,-8.066843826585989863e-01
2.508818558885682393e+00,1.609430792168513591e-01
2.647478062744205829e+00,-9.743138608232522202e-01
3.215130758142880740e+00,-1.495732747302890964e+00
3.376909034719943747e+00,-1.426761877731779649e+00
2.670689342227032803e+00,9.011411184267292818e-02
2.167531157990053359e+00,-2.930224264743592322e+00
4.288749596009515663e+00,1.039462362085602276e+00
2.675784587640534617e+00,-2.549470432496148575e+00
2.751612819043244951e+00,-1.228978359872535453e+00
2.848060927182194391e+00,-1.890710433537478696e+00
3.463648913981181909e+00,-5.803940997711309890e-01
1.804475504144554820e+00,-4.406426146440897140e-01
4.642147985556713152e+00,-8.624317340503521168e-01
2.730139870345195341e+00,-1.113602571526016938e+00
3.492205413574849260e+00,-2.384537284405774393e+00
3.131512562381841835e+00,-1.312371159570248080e+00
4.478260010364836674e+00,-1.139338187043966277e+00
4.334310088895615642e+00,-1.882992558225605961e+00
3.469807333442233688e+00,-7.444797889670169422e-01
2.304762201708173919e+00,-8.580831082904476492e-01
3.970015069465280266e+00,-1.259033363429280516e+00
1.646429880664189271e+00,-1.014050261181956625e+00
2.278061524165989837e+00,-1.273872750931105857e+00
2.934729784251903340e+00,-2.364521772812413936e+00
1.707473328543457569e+00,-6.143465315795797466e-01
2.581825043064255532e+00,-3.051795473456453855e+00
3.627875229286507963e+00,-7.821041957806080802e-01
2.428900140770812843e+00,-2.053464168846593552e+00
3.668646317051469818e+00,-7.205195019516563715e-01
4.906081826147258518e+00,-6.638491210200501147e-01
3.310162513009611729e+00,-1.133542344086852172e+00
3.653420693760632609e+00,-4.999318390014769742e-01
4.001380006852156335e+00,-1.417058334909827799e+00
2.651674021644830237e+00,-1.383282536729584233e+00
3.632641376943191336e+00,1.986995522373857792e-01
2.632927605480559485e+00,-1.339818982234473044e+00
3.251261779095839355e+00,-1.196609200010321228e+00
3.761642922511911902e+00,-2.801421832495237574e+00
2.338635962466484308e+00,-1.625933067169156754e+00
